time,yaw,pitch,roll
2023-04-27 13:37:30.3320,25.746,16.079,0.428
2023-04-27 13:37:30.4330,26.302,15.139,0.353
2023-04-27 13:37:30.5330,26.019,16.629,0.332
2023-04-27 13:37:30.6330,26.146,16.847,0.893
2023-04-27 13:37:30.7330,25.785,17.43,1.305
2023-04-27 13:37:30.8330,25.572,17.389,2.176
2023-04-27 13:37:30.9330,24.407,18.02,1.402
2023-04-27 13:37:31.0330,20.084,19.447,-6.224
2023-04-27 13:37:31.1330,16.419,17.415,-2.975
2023-04-27 13:37:31.2330,14.521,18.056,-1.843
2023-04-27 13:37:31.3330,18.009,19.389,-3.424
2023-04-27 13:37:31.4330,18.118,21.118,-13.05
2023-04-27 13:37:31.5330,2.527,18.211,-30.833
2023-04-27 13:37:31.6330,-17.788,28.432,-44.012
2023-04-27 13:37:31.7330,-80.282,66.057,-14.21
2023-04-27 13:37:31.8330,159.026,28.642,82.707
2023-04-27 13:37:31.9320,140.766,44.75,117.451
2023-04-27 13:37:32.0320,64.523,61.173,-120.43
2023-04-27 13:37:32.1320,25.517,41.671,-43.701
2023-04-27 13:37:32.2320,12.921,4.393,-25.574
2023-04-27 13:37:32.3320,1.967,-13.891,-27.327
2023-04-27 13:37:32.4320,-32.012,27.664,-36.318
2023-04-27 13:37:32.5320,-109.69,86.424,19.758
2023-04-27 13:37:32.6320,78.97,54.909,-159.782
2023-04-27 13:37:32.7320,68.407,33.219,-113.342
2023-04-27 13:37:32.8320,50.894,25.739,-62.637
2023-04-27 13:37:32.9320,20.843,8.451,-38.198
2023-04-27 13:37:33.0310,-5.292,-2.635,-37.545
2023-04-27 13:37:33.1320,-44.2,41.649,-26.479
2023-04-27 13:37:33.2310,160.204,60.642,100.551
2023-04-27 13:37:33.3310,83.761,44.821,-164.524
2023-04-27 13:37:33.4310,63.127,28.651,-102.56
2023-04-27 13:37:33.5310,48.835,12.528,-52.589
2023-04-27 13:37:33.6310,28.355,-1.056,-31.81
2023-04-27 13:37:33.7310,7.56,-1.82,-30.96
2023-04-27 13:37:33.8310,-40.873,34.843,-19.42
2023-04-27 13:37:33.9310,-132.297,52.331,44.577
2023-04-27 13:37:34.0310,156.837,48.606,117.47
2023-04-27 13:37:34.1310,119.719,44.599,171.714
2023-04-27 13:37:34.2310,122.527,49.079,-172.448
2023-04-27 13:37:34.3280,144.748,65.945,170.248
2023-04-27 13:37:34.4260,-151.486,74.214,101.04
2023-04-27 13:37:34.5280,-102.794,56.45,37.087
2023-04-27 13:37:34.6260,-85.705,17.17,1.853
2023-04-27 13:37:34.7270,-73.788,-0.65,-7.317
2023-04-27 13:37:34.8310,-62.281,14.418,-1.659
2023-04-27 13:37:34.9310,-5.131,62.616,-32.938
2023-04-27 13:37:35.0310,91.308,49.947,-121.954
2023-04-27 13:37:35.1310,103.155,42.683,-134.655
2023-04-27 13:37:35.2310,107.987,50.569,-140.476
2023-04-27 13:37:35.3310,163.77,60.206,141.005
2023-04-27 13:37:35.4310,176.855,11.156,82.853
2023-04-27 13:37:35.5310,174.636,40.171,66.618
2023-04-27 13:37:35.6310,-59.665,40.043,-31.556
2023-04-27 13:37:35.7310,-43.871,2.029,-13.448
2023-04-27 13:37:35.8310,-37.484,34.545,-42.954
2023-04-27 13:37:35.9310,64.173,65.063,161.399
2023-04-27 13:37:36.0310,84.711,9.39,114.429
2023-04-27 13:37:36.1310,90.977,31.852,102.005
2023-04-27 13:37:36.2300,165.977,69.335,28.554
2023-04-27 13:37:36.3300,-104.407,12.453,-18.344
2023-04-27 13:37:36.4300,-66.952,-0.699,-1.13
2023-04-27 13:37:36.5300,-52.896,12.773,-5.376
2023-04-27 13:37:36.6300,-93.002,59.867,-12.971
2023-04-27 13:37:36.7300,107.712,36.199,94.429
2023-04-27 13:37:36.8300,120.054,52.178,88.253
2023-04-27 13:37:36.9300,-146.56,72.464,1.945
2023-04-27 13:37:37.0300,-107.837,36.396,-9.733
2023-04-27 13:37:37.1300,-99.404,25.826,7.767
2023-04-27 13:37:37.2300,-92.99,21.604,30.078
2023-04-27 13:37:37.3300,-83.401,9.225,39.696
2023-04-27 13:37:37.4300,-55.588,39.691,15.963
2023-04-27 13:37:37.5300,33.371,56.275,-63.594
2023-04-27 13:37:37.6300,59.704,44.28,-78.577
2023-04-27 13:37:37.7300,69.275,41.804,-81.017
2023-04-27 13:37:37.8300,60.821,41.469,-71.937
2023-04-27 13:37:37.9300,43.829,30.943,-48.901
2023-04-27 13:37:38.0300,56.545,26.16,-30.568
2023-04-27 13:37:38.1300,58.703,37.971,-26.197
2023-04-27 13:37:38.2300,50.649,35.165,-22.818
2023-04-27 13:37:38.3260,45.563,33.875,-26.239
2023-04-27 13:37:38.4240,35.695,31.721,-26.328
2023-04-27 13:37:38.5260,-9.115,32.382,-23.293
2023-04-27 13:37:38.6240,-102.232,49.903,17.528
2023-04-27 13:37:38.7260,-105.23,56.074,14.159
2023-04-27 13:37:38.8280,-13.112,20.648,-44.867
2023-04-27 13:37:38.9270,28.705,-8.364,-42.327
2023-04-27 13:37:39.0270,39.954,9.452,-60.586
2023-04-27 13:37:39.1270,55.674,48.908,-110.093
2023-04-27 13:37:39.2270,137.376,69.632,157.372
2023-04-27 13:37:39.3270,-113.616,57.026,55.507
2023-04-27 13:37:39.4270,-55.885,31.274,9.867
2023-04-27 13:37:39.5270,-5.915,-9.417,-5.182
2023-04-27 13:37:39.6270,47.501,-26.94,5.438
2023-04-27 13:37:39.7270,55.915,-8.762,-22.5
2023-04-27 13:37:39.8270,70.493,16.449,-80.353
2023-04-27 13:37:39.9270,85.675,40.427,-134.258
2023-04-27 13:37:40.0270,135.118,64.72,153.885
2023-04-27 13:37:40.1270,-133.831,53.833,58.461
2023-04-27 13:37:40.2270,-101.166,24.365,36.517
2023-04-27 13:37:40.3270,-59.9,18.921,16.747
2023-04-27 13:37:40.4270,8.704,28.631,-7.521
2023-04-27 13:37:40.5270,52.612,27.39,-33.284
2023-04-27 13:37:40.6270,53.624,32.4,-53.534
2023-04-27 13:37:40.7270,42.452,40.396,-52.591
2023-04-27 13:37:40.8270,30.7,37.733,-44.026
2023-04-27 13:37:40.9270,23.234,34.411,-39.08
2023-04-27 13:37:41.0270,9.35,31.01,-36.605
2023-04-27 13:37:41.1270,-7.321,35.568,-38.418
2023-04-27 13:37:41.2260,1.638,55.227,-59.455
2023-04-27 13:37:41.3270,-80.338,78.511,-5.827
2023-04-27 13:37:41.4270,-141.196,50.717,40.154
2023-04-27 13:37:41.5270,-119.16,27.753,17.645
2023-04-27 13:37:41.6270,-61.42,5.269,-8.854
2023-04-27 13:37:41.7270,16.851,-16.17,-4.086
2023-04-27 13:37:41.8270,52.976,0.388,-22.36
2023-04-27 13:37:41.9270,51.069,31.999,-76.1
2023-04-27 13:37:42.0260,79.242,69.232,-150.185
2023-04-27 13:37:42.1250,-156.652,68.624,65.556
2023-04-27 13:37:42.2260,-116.41,38.446,28.628
2023-04-27 13:37:42.3240,-72.07,17.895,-2.685
2023-04-27 13:37:42.4220,-11.366,-2.637,-16.838
2023-04-27 13:37:42.5240,46.486,0.106,-29.506
2023-04-27 13:37:42.6220,67.634,22.443,-73.088
2023-04-27 13:37:42.7230,82.723,36.421,-127.297
2023-04-27 13:37:42.8270,99.283,51.463,-177.01
2023-04-27 13:37:42.9270,163.044,74.607,108.832
2023-04-27 13:37:43.0270,-110.719,39.428,30.985
2023-04-27 13:37:43.1260,-82.234,12.997,18.536
2023-04-27 13:37:43.2270,-29.059,4.587,-0.609
2023-04-27 13:37:43.3260,34.412,2.162,-17.569
2023-04-27 13:37:43.4260,68.817,18.663,-59.461
2023-04-27 13:37:43.5260,84.371,37.82,-105.193
2023-04-27 13:37:43.6270,90.801,49.739,-150.616
2023-04-27 13:37:43.7260,103.302,69.924,175.546
2023-04-27 13:37:43.8260,-95.883,69.632,14.489
2023-04-27 13:37:43.9260,-78.472,45.21,3.022
2023-04-27 13:37:44.0260,-60.388,32.425,-14.911
2023-04-27 13:37:44.1260,-44.657,18.807,-29.382
2023-04-27 13:37:44.2250,-44.675,6.042,-33.458
2023-04-27 13:37:44.3250,-41.987,5.057,-31.115
2023-04-27 13:37:44.4250,-19.512,8.539,-29.057
2023-04-27 13:37:44.5250,29.109,3.54,-31.564
2023-04-27 13:37:44.6250,58.868,1.318,-32.848
2023-04-27 13:37:44.7260,61.784,-6.039,-29.432
2023-04-27 13:37:44.8250,68.324,-9.123,-23.594
2023-04-27 13:37:44.9250,70.439,-5.056,-25.231
2023-04-27 13:37:45.0250,61.019,-3.256,-27.783
2023-04-27 13:37:45.1250,41.821,7.908,-35.961
2023-04-27 13:37:45.2250,15.635,45.067,-46.152
2023-04-27 13:37:45.3250,-111.034,68.855,47.903
2023-04-27 13:37:45.4250,-121.958,42.46,45.103
2023-04-27 13:37:45.5250,-79.596,26.703,8.839
2023-04-27 13:37:45.6250,-29.691,0.935,-16.037
2023-04-27 13:37:45.7250,23.179,-5.987,-23.906
2023-04-27 13:37:45.8250,57.296,15.505,-60.629
2023-04-27 13:37:45.9250,76.598,35.458,-110.349
2023-04-27 13:37:46.0250,91.833,55.112,-162.499
2023-04-27 13:37:46.1250,-151.215,83.987,74.663
2023-04-27 13:37:46.2250,-88.853,43.588,18.994
2023-04-27 13:37:46.3220,-63.756,16.578,10.822
2023-04-27 13:37:46.4200,-14.464,8.361,-3.836
2023-04-27 13:37:46.5220,38.615,11.262,-25.315
2023-04-27 13:37:46.6200,74.97,19.615,-69.459
2023-04-27 13:37:46.7210,84.083,21.669,-110.484
2023-04-27 13:37:46.8230,92.552,46.032,-158.438
2023-04-27 13:37:46.9230,145.625,73.33,140.906
2023-04-27 13:37:47.0230,-99.593,63.271,32.096
2023-04-27 13:37:47.1230,-63.944,39.979,13.51
2023-04-27 13:37:47.2230,-15.679,22.826,-5.879
2023-04-27 13:37:47.3230,33.001,19.444,-30.778
2023-04-27 13:37:47.4230,70.34,23.505,-68.772
2023-04-27 13:37:47.5230,84.311,22.919,-114.023
2023-04-27 13:37:47.6230,101.122,44.731,-168.269
2023-04-27 13:37:47.7230,126.305,63.707,154.963
2023-04-27 13:37:47.8230,-140.003,69.481,63.207
2023-04-27 13:37:47.9220,-96.443,39.261,30.398
2023-04-27 13:37:48.0230,-56.093,19.188,11.942
2023-04-27 13:37:48.1220,-9.167,6.333,-2.339
2023-04-27 13:37:48.2220,29.533,1.081,-19.755
2023-04-27 13:37:48.3220,48.901,11.965,-49.419
2023-04-27 13:37:48.4220,62.273,34.085,-90.016
2023-04-27 13:37:48.5220,88.843,57.954,-146.288
2023-04-27 13:37:48.6220,157.161,58.964,130.883
2023-04-27 13:37:48.7220,-147.978,47.252,73.624
2023-04-27 13:37:48.8220,-117.667,21.885,49.307
2023-04-27 13:37:48.9220,-96.434,12.718,32.712
2023-04-27 13:37:49.0220,-50.404,13.718,3.324
2023-04-27 13:37:49.1220,9.601,9.131,-28.77
2023-04-27 13:37:49.2220,50.466,19.261,-63.25
2023-04-27 13:37:49.3210,82.259,39.075,-117.978
2023-04-27 13:37:49.4210,126.633,44.946,168.138
2023-04-27 13:37:49.5210,156.829,45.859,124.985
2023-04-27 13:37:49.6210,-148.572,53.843,72.812
2023-04-27 13:37:49.7220,-95.987,33.714,33.871
2023-04-27 13:37:49.8210,-41.38,27.156,0.08
2023-04-27 13:37:49.9210,24.049,11.653,-31.404
2023-04-27 13:37:50.0210,71.795,-0.857,-54.311
2023-04-27 13:37:50.1210,92.229,-3.546,-55.724
2023-04-27 13:37:50.2210,92.388,-9.152,-37.899
2023-04-27 13:37:50.3200,86.9,-9.688,-32.501
2023-04-27 13:37:50.4180,83.817,-8.499,-27.725
2023-04-27 13:37:50.5190,66.165,-0.623,-38.984
2023-04-27 13:37:50.6180,28.534,17.307,-48.222
2023-04-27 13:37:50.7200,-31.816,58.021,-19.035
2023-04-27 13:37:50.8230,-132.921,52.421,64.831
2023-04-27 13:37:50.9230,-126.741,43.449,52.628
2023-04-27 13:37:51.0230,-62.047,32.857,2.768
2023-04-27 13:37:51.1230,-5.646,8.086,-17.858
2023-04-27 13:37:51.2230,47.959,18.839,-47.458
2023-04-27 13:37:51.3230,85.998,24.822,-112.802
2023-04-27 13:37:51.4220,99.122,23.516,-146.825
2023-04-27 13:37:51.5220,122.564,39.788,178.719
2023-04-27 13:37:51.6230,156.932,48.065,129.856
2023-04-27 13:37:51.7230,-172.309,51.429,88.363
2023-04-27 13:37:51.8220,-115.776,55.967,36.198
2023-04-27 13:37:51.9220,-48.984,37.143,-6.99
2023-04-27 13:37:52.0220,-2.615,10.246,-17.516
2023-04-27 13:37:52.1220,36.699,15.415,-41.138
2023-04-27 13:37:52.2220,64.729,34.74,-94.27
2023-04-27 13:37:52.3220,113.554,51.338,-176.263
2023-04-27 13:37:52.4220,146.823,38.616,134.143
2023-04-27 13:37:52.5220,-171.589,48.377,89.216
2023-04-27 13:37:52.6220,-108.369,44.322,31.536
2023-04-27 13:37:52.7220,-45.848,18.986,-0.513
2023-04-27 13:37:52.8220,18.234,2.672,-8.633
2023-04-27 13:37:52.9220,65.31,2.362,-22.367
2023-04-27 13:37:53.0220,75.8,7.896,-66.457
2023-04-27 13:37:53.1220,81.908,13.308,-119.642
2023-04-27 13:37:53.2220,91.527,21.938,-168.531
2023-04-27 13:37:53.3210,81.417,29.906,-154.829
2023-04-27 13:37:53.4210,71.851,59.711,-134.225
2023-04-27 13:37:53.5210,54.79,86.02,-107.593
2023-04-27 13:37:53.6220,-131.148,68.951,74.675
2023-04-27 13:37:53.7210,-135.565,50.763,69.906
2023-04-27 13:37:53.8210,-116.928,67.641,50.045
2023-04-27 13:37:53.9210,-6.539,51.307,-63.525
2023-04-27 13:37:54.0220,-1.888,41.011,-65.646
2023-04-27 13:37:54.1210,-73.811,68.462,5.878
2023-04-27 13:37:54.2210,-137.787,34.145,76.579
2023-04-27 13:37:54.3210,-133.301,45.626,70.935
2023-04-27 13:37:54.4210,-35.965,62.404,-29.349
2023-04-27 13:37:54.5210,-1.443,35.903,-57.326
2023-04-27 13:37:54.6210,-17.903,52.02,-28.817
2023-04-27 13:37:54.7210,-29.011,56.979,-11.83
2023-04-27 13:37:54.8210,-27.49,52.714,-14.904
2023-04-27 13:37:54.9210,-28.362,41.602,-14.525
2023-04-27 13:37:55.0210,-34.187,25.727,-11.475
2023-04-27 13:37:55.1210,-36.739,24.835,-10.369
2023-04-27 13:37:55.2200,-36.318,31.24,-5.92
2023-04-27 13:37:55.3210,-35.504,40.086,-4.807
2023-04-27 13:37:55.4210,-41.311,54.736,1.628
2023-04-27 13:37:55.5210,-89.7,64.146,44.175
2023-04-27 13:37:55.6210,-112.014,49.737,68.73
2023-04-27 13:37:55.7210,-101.109,46.841,62.986
2023-04-27 13:37:55.8210,-70.001,45.359,34.457
2023-04-27 13:37:55.9210,-7.046,24.582,-12.27
2023-04-27 13:37:56.0210,10.57,-2.47,-9.413
2023-04-27 13:37:56.1210,-15.273,20.569,-5.397
2023-04-27 13:37:56.2210,-83.917,40.263,32.434
2023-04-27 13:37:56.3210,-129.906,19.215,55.676
2023-04-27 13:37:56.4200,-128.503,21.475,49.479
2023-04-27 13:37:56.5210,-86.498,48.033,18.258
2023-04-27 13:37:56.6210,1.546,27.364,-46.681
2023-04-27 13:37:56.7200,20.473,20.923,-46.415
2023-04-27 13:37:56.8210,0.834,49.595,-31.412
2023-04-27 13:37:56.9210,-100.709,59.073,47.454
2023-04-27 13:37:57.0210,-142.576,24.576,59.342
2023-04-27 13:37:57.1200,-144.276,3.047,35.222
2023-04-27 13:37:57.2200,-145.402,20.097,9.353
2023-04-27 13:37:57.3200,-113.646,31.818,-4.309
2023-04-27 13:37:57.4190,-80.115,28.0,-7.931
2023-04-27 13:37:57.5190,-59.173,19.744,-10.069
2023-04-27 13:37:57.6190,-58.858,17.846,-7.557
2023-04-27 13:37:57.7200,-62.895,33.097,-13.216
2023-04-27 13:37:57.8200,-80.508,43.272,1.087
2023-04-27 13:37:57.9190,-113.276,34.216,34.726
2023-04-27 13:37:58.0200,-127.416,21.355,52.577
2023-04-27 13:37:58.1190,-125.889,16.082,51.918
2023-04-27 13:37:58.2190,-87.482,10.722,23.677
2023-04-27 13:37:58.3190,-49.642,-12.452,3.568
2023-04-27 13:37:58.4190,-51.891,-6.93,2.093
2023-04-27 13:37:58.5190,-66.142,27.439,4.014
2023-04-27 13:37:58.6190,-75.101,51.33,5.006
2023-04-27 13:37:58.7200,-78.673,46.679,4.815
2023-04-27 13:37:58.8190,-81.666,32.575,9.685
2023-04-27 13:37:58.9190,-82.507,7.248,3.292
2023-04-27 13:37:59.0190,-84.578,-9.12,4.275
2023-04-27 13:37:59.1190,-79.299,2.628,2.827
2023-04-27 13:37:59.2190,-74.934,23.794,-4.64
2023-04-27 13:37:59.3150,-75.802,3.499,1.467
2023-04-27 13:37:59.4140,-76.706,-22.642,5.01
2023-04-27 13:37:59.5140,-70.867,-3.418,6.269
2023-04-27 13:37:59.6140,-72.635,27.578,1.371
2023-04-27 13:37:59.7180,-86.097,30.195,13.994
2023-04-27 13:37:59.8170,-89.044,24.115,12.277
2023-04-27 13:37:59.9170,-84.745,30.814,7.565
2023-04-27 13:38:00.0160,-89.786,41.089,0.244
2023-04-27 13:38:00.1170,-88.434,38.081,-3.037
2023-04-27 13:38:00.2170,-105.372,55.998,-4.473
2023-04-27 13:38:00.3150,117.644,78.864,121.236
2023-04-27 13:38:00.4150,73.739,29.846,168.521
2023-04-27 13:38:00.5170,70.009,-17.487,176.485
2023-04-27 13:38:00.6170,68.716,-59.169,164.184
2023-04-27 13:38:00.7170,79.214,-78.973,169.085
2023-04-27 13:38:00.8170,76.621,-64.189,172.834
2023-04-27 13:38:00.9170,71.266,-18.744,178.725
2023-04-27 13:38:01.0170,70.162,53.006,173.213
2023-04-27 13:38:01.1160,-116.508,53.284,-5.084
2023-04-27 13:38:01.2160,-121.606,-3.54,-7.793
2023-04-27 13:38:01.3160,-131.953,-8.825,-21.06
2023-04-27 13:38:01.4160,-119.032,33.742,-21.543
2023-04-27 13:38:01.5170,50.391,43.06,-177.716
2023-04-27 13:38:01.6160,80.472,-39.149,-172.748
2023-04-27 13:38:01.7170,118.805,-57.311,-128.82
2023-04-27 13:38:01.8160,81.886,-27.326,-163.174
2023-04-27 13:38:01.9150,81.764,56.265,166.643
2023-04-27 13:38:02.0170,-123.079,34.98,36.412
2023-04-27 13:38:02.1140,-132.049,6.475,10.028
2023-04-27 13:38:02.2160,-120.59,31.354,5.508
2023-04-27 13:38:02.3160,-11.755,75.047,-89.454
2023-04-27 13:38:02.4150,65.894,-3.478,163.654
2023-04-27 13:38:02.5160,80.268,-40.072,-176.221
2023-04-27 13:38:02.6160,78.132,-38.611,-169.858
2023-04-27 13:38:02.7160,73.572,-20.303,-178.356
2023-04-27 13:38:02.8150,78.889,12.532,171.165
2023-04-27 13:38:02.9150,115.779,64.22,144.535
2023-04-27 13:38:03.0170,-114.875,54.623,37.628
2023-04-27 13:38:03.1150,-92.831,28.28,-4.479
2023-04-27 13:38:03.2150,-74.884,23.541,-28.287
2023-04-27 13:38:03.3150,-51.95,33.907,-46.104
2023-04-27 13:38:03.4150,13.037,46.76,-113.905
2023-04-27 13:38:03.5150,73.006,7.794,-172.756
2023-04-27 13:38:03.6160,89.901,-17.266,-158.842
2023-04-27 13:38:03.7150,92.397,-11.514,-155.402
2023-04-27 13:38:03.8150,90.717,7.803,-161.229
2023-04-27 13:38:03.9150,92.594,31.821,-170.937
2023-04-27 13:38:04.0150,94.24,64.373,-179.293
2023-04-27 13:38:04.1150,-111.583,81.692,21.619
2023-04-27 13:38:04.2150,-94.267,55.78,-0.077
2023-04-27 13:38:04.3150,-90.728,43.823,-7.93
2023-04-27 13:38:04.4150,-84.853,50.659,-15.403
2023-04-27 13:38:04.5150,-46.274,74.494,-55.316
2023-04-27 13:38:04.6150,68.753,42.609,-167.868
2023-04-27 13:38:04.7150,82.758,-7.834,-171.158
2023-04-27 13:38:04.8150,88.243,-19.863,-160.484
2023-04-27 13:38:04.9150,85.333,3.813,-161.432
2023-04-27 13:38:05.0150,79.976,38.494,-175.396
2023-04-27 13:38:05.1150,79.27,69.889,171.637
2023-04-27 13:38:05.2140,-120.666,85.217,8.942
2023-04-27 13:38:05.3140,-109.707,71.63,-7.358
2023-04-27 13:38:05.4140,-109.91,63.566,-12.396
2023-04-27 13:38:05.5140,-102.627,55.973,-20.755
2023-04-27 13:38:05.6140,-94.783,55.598,-30.971
2023-04-27 13:38:05.7140,-80.807,64.412,-47.657
2023-04-27 13:38:05.8140,-15.3,71.57,-111.36
2023-04-27 13:38:05.9140,48.426,34.769,-175.192
2023-04-27 13:38:06.0140,58.05,-6.621,-169.183
2023-04-27 13:38:06.1140,63.801,-15.728,-161.106
2023-04-27 13:38:06.2140,64.845,8.67,-163.04
2023-04-27 13:38:06.3140,65.671,51.401,-176.993
2023-04-27 13:38:06.4140,-110.795,86.844,9.097
2023-04-27 13:38:06.5140,-105.621,55.685,6.423
2023-04-27 13:38:06.6140,-104.312,44.525,-2.315
2023-04-27 13:38:06.7140,-99.616,43.976,-10.779
2023-04-27 13:38:06.8140,-88.41,56.808,-25.41
2023-04-27 13:38:06.9140,-35.181,77.848,-85.761
2023-04-27 13:38:07.0140,60.307,54.616,176.057
2023-04-27 13:38:07.1130,59.161,20.682,-170.344
2023-04-27 13:38:07.2140,57.262,-10.812,-150.664
2023-04-27 13:38:07.3140,60.295,-27.886,-153.628
2023-04-27 13:38:07.4140,56.136,-4.634,-158.616
2023-04-27 13:38:07.5140,49.719,19.478,-162.987
2023-04-27 13:38:07.6140,46.901,48.44,-172.532
2023-04-27 13:38:07.7140,18.917,88.295,-153.835
2023-04-27 13:38:07.8140,-123.572,58.88,-9.332
2023-04-27 13:38:07.9140,-123.517,37.09,-11.879
2023-04-27 13:38:08.0140,-122.994,34.772,-17.084
2023-04-27 13:38:08.1140,-114.532,50.839,-26.303
2023-04-27 13:38:08.2140,-30.238,73.378,-98.305
2023-04-27 13:38:08.3130,55.109,27.437,176.055
2023-04-27 13:38:08.4130,59.525,-5.476,-168.826
2023-04-27 13:38:08.5130,60.588,-16.342,-156.624
2023-04-27 13:38:08.6110,66.054,-23.574,-149.813
2023-04-27 13:38:08.7100,65.703,-22.471,-148.487
2023-04-27 13:38:08.8090,62.419,-22.434,-151.398
2023-04-27 13:38:08.9090,60.325,-22.675,-153.953
2023-04-27 13:38:09.0140,61.006,-23.365,-152.999
2023-04-27 13:38:09.1140,58.563,-21.325,-151.452
2023-04-27 13:38:09.2130,57.374,-20.886,-151.345
2023-04-27 13:38:09.3130,55.774,-20.259,-150.647
2023-04-27 13:38:09.4130,54.896,-19.29,-150.343
2023-04-27 13:38:09.5130,52.933,-17.229,-149.926
2023-04-27 13:38:09.6130,50.268,-15.478,-148.453
2023-04-27 13:38:09.7130,48.31,-14.224,-146.2
2023-04-27 13:38:09.8130,48.383,-13.884,-145.221
2023-04-27 13:38:09.9130,49.298,-14.019,-142.612
2023-04-27 13:38:10.0130,47.187,-9.498,-131.748
2023-04-27 13:38:10.1120,42.478,12.642,-126.683
2023-04-27 13:38:10.2120,22.392,49.968,-121.932
2023-04-27 13:38:10.3120,-81.982,58.774,-32.666
2023-04-27 13:38:10.4120,-111.615,20.821,-20.567
2023-04-27 13:38:10.5120,-97.712,9.196,-7.905
2023-04-27 13:38:10.6120,-73.825,14.1,-5.037
2023-04-27 13:38:10.7120,-70.226,27.78,-3.369
2023-04-27 13:38:10.8120,6.005,60.893,-37.914
2023-04-27 13:38:10.9120,86.285,49.602,-99.984
2023-04-27 13:38:11.0120,98.864,49.826,-97.662
2023-04-27 13:38:11.1120,115.449,44.724,-98.339
2023-04-27 13:38:11.2120,132.939,35.479,-109.789
2023-04-27 13:38:11.3120,124.143,38.04,-102.287
2023-04-27 13:38:11.4120,95.854,48.843,-87.399
2023-04-27 13:38:11.5120,69.267,48.543,-67.456
2023-04-27 13:38:11.6120,40.472,43.194,-47.718
2023-04-27 13:38:11.7120,24.929,29.229,-32.407
2023-04-27 13:38:11.8110,25.575,15.841,-18.86
2023-04-27 13:38:11.9110,25.735,19.276,-17.051
2023-04-27 13:38:12.0120,29.859,37.422,-33.473
2023-04-27 13:38:12.1110,54.974,48.254,-48.981
2023-04-27 13:38:12.2110,60.815,57.593,-60.139
2023-04-27 13:38:12.3110,65.126,56.265,-64.575
2023-04-27 13:38:12.4110,72.928,57.545,-70.616
2023-04-27 13:38:12.5110,76.591,55.974,-71.93
2023-04-27 13:38:12.6090,77.299,54.825,-72.73
2023-04-27 13:38:12.7080,74.688,54.583,-71.273
2023-04-27 13:38:12.8070,72.799,53.26,-69.864
2023-04-27 13:38:12.9070,73.009,51.836,-70.04
2023-04-27 13:38:13.0130,76.057,48.888,-73.738
2023-04-27 13:38:13.1130,76.095,45.49,-75.434
2023-04-27 13:38:13.2130,73.45,43.619,-79.373
2023-04-27 13:38:13.3130,66.887,42.71,-86.467
2023-04-27 13:38:13.4130,75.595,43.641,-102.908
2023-04-27 13:38:13.5130,95.73,58.538,-127.698
2023-04-27 13:38:13.6130,23.347,82.549,-58.512
2023-04-27 13:38:13.7130,-51.874,54.721,6.765
2023-04-27 13:38:13.8130,-83.137,38.887,11.851
2023-04-27 13:38:13.9120,-94.514,33.49,16.669
2023-04-27 13:38:14.0130,-96.735,40.611,20.998
2023-04-27 13:38:14.1120,-96.842,40.776,21.997
2023-04-27 13:38:14.2120,-98.033,42.899,22.141
2023-04-27 13:38:14.3120,-98.297,45.126,21.861
2023-04-27 13:38:14.4120,-101.184,46.515,22.263
2023-04-27 13:38:14.5120,-107.101,53.338,23.985
2023-04-27 13:38:14.6120,-148.775,69.546,54.876
2023-04-27 13:38:14.7120,134.903,60.98,125.619
2023-04-27 13:38:14.8120,105.175,23.791,154.926
2023-04-27 13:38:14.9120,101.066,0.811,160.566
2023-04-27 13:38:15.0120,100.928,10.074,157.531
2023-04-27 13:38:15.1120,101.107,24.061,150.09
2023-04-27 13:38:15.2120,121.387,49.463,131.301
2023-04-27 13:38:15.3120,169.545,58.291,76.464
2023-04-27 13:38:15.4120,-151.569,48.408,35.133
2023-04-27 13:38:15.5110,-136.999,43.117,19.079
2023-04-27 13:38:15.6110,-123.931,41.904,5.104
2023-04-27 13:38:15.7110,-102.446,36.145,-15.778
2023-04-27 13:38:15.8110,-86.17,24.608,-31.126
2023-04-27 13:38:15.9110,-75.187,12.334,-38.832
2023-04-27 13:38:16.0110,-63.216,-2.282,-39.915
2023-04-27 13:38:16.1110,-49.158,-18.157,-35.468
2023-04-27 13:38:16.2110,-34.196,-30.184,-29.346
2023-04-27 13:38:16.3110,-20.02,-38.659,-21.031
2023-04-27 13:38:16.4110,-1.941,-46.109,-8.819
2023-04-27 13:38:16.5110,26.166,-41.972,9.673
2023-04-27 13:38:16.6080,35.114,-22.07,12.099
2023-04-27 13:38:16.7070,30.649,-22.701,9.478
2023-04-27 13:38:16.8060,-1.787,-46.41,-12.899
2023-04-27 13:38:16.9060,-25.093,-40.735,-22.124
2023-04-27 13:38:17.0100,-38.383,-25.023,-24.558
2023-04-27 13:38:17.1100,-57.172,-15.846,-30.476
2023-04-27 13:38:17.2100,-76.574,1.44,-29.638
2023-04-27 13:38:17.3090,-96.633,19.02,-22.176
2023-04-27 13:38:17.4090,-115.18,32.239,-11.985
2023-04-27 13:38:17.5090,-133.609,39.912,-0.049
2023-04-27 13:38:17.6090,-154.278,43.711,12.738
2023-04-27 13:38:17.7090,-172.921,42.615,24.238
2023-04-27 13:38:17.8090,174.341,39.463,33.689
2023-04-27 13:38:17.9090,163.458,35.966,43.398
2023-04-27 13:38:18.0090,154.333,32.908,53.385
2023-04-27 13:38:18.1090,145.953,30.896,63.275
2023-04-27 13:38:18.2090,134.938,28.048,77.947
2023-04-27 13:38:18.3090,124.397,20.357,89.568
2023-04-27 13:38:18.4090,121.743,21.021,98.024
2023-04-27 13:38:18.5090,121.405,38.004,110.303
2023-04-27 13:38:18.6090,106.834,65.177,138.836
2023-04-27 13:38:18.7090,1.19,75.729,-94.929
2023-04-27 13:38:18.8090,27.194,61.404,-83.648
2023-04-27 13:38:18.9080,106.803,45.143,-146.068
2023-04-27 13:38:19.0080,129.713,19.355,-168.247
2023-04-27 13:38:19.1080,130.85,11.011,-161.99
2023-04-27 13:38:19.2070,119.637,3.13,-157.426
2023-04-27 13:38:19.3080,124.728,4.784,-162.635
2023-04-27 13:38:19.4070,130.84,7.161,-167.72
2023-04-27 13:38:19.5070,132.607,6.635,-169.75
2023-04-27 13:38:19.6070,127.061,9.689,-153.379
2023-04-27 13:38:19.7060,120.217,19.328,-144.912
2023-04-27 13:38:19.8060,118.501,32.308,-152.827
2023-04-27 13:38:19.9060,123.921,46.489,177.348
2023-04-27 13:38:20.0060,151.874,58.934,138.583
2023-04-27 13:38:20.1060,157.65,61.068,129.254
2023-04-27 13:38:20.2060,160.789,58.519,125.811
2023-04-27 13:38:20.3050,164.217,59.082,125.8
2023-04-27 13:38:20.4050,169.58,62.045,121.894
2023-04-27 13:38:20.5050,173.659,65.662,119.49
2023-04-27 13:38:20.6030,176.647,63.629,116.545
2023-04-27 13:38:20.7020,174.155,63.011,121.343
2023-04-27 13:38:20.8010,154.047,64.355,152.941
2023-04-27 13:38:20.9010,98.235,54.091,-125.38
2023-04-27 13:38:21.0030,85.159,54.087,-108.248
2023-04-27 13:38:21.1020,102.331,58.609,-117.594
2023-04-27 13:38:21.2020,129.292,57.246,-140.852
2023-04-27 13:38:21.3000,134.639,57.452,-145.191
2023-04-27 13:38:21.4020,121.031,63.937,-135.759
2023-04-27 13:38:21.5010,109.999,69.206,-138.132
2023-04-27 13:38:21.6010,88.613,74.872,-129.43
2023-04-27 13:38:21.7010,-21.825,84.094,-52.05
2023-04-27 13:38:21.8000,-82.726,61.726,-4.589
2023-04-27 13:38:21.9010,-76.458,69.419,-1.619
2023-04-27 13:38:22.0010,-45.051,88.795,-26.6
2023-04-27 13:38:22.1000,95.54,64.357,-155.531
2023-04-27 13:38:22.2000,93.822,45.257,-143.284
2023-04-27 13:38:22.3000,94.441,28.5,-139.602
2023-04-27 13:38:22.3990,91.93,18.867,-145.892
2023-04-27 13:38:22.4990,85.307,29.061,-147.402
2023-04-27 13:38:22.5990,82.377,53.474,-150.537
2023-04-27 13:38:22.6970,50.37,66.709,-116.767
2023-04-27 13:38:22.7970,67.203,37.906,-149.213
2023-04-27 13:38:22.8970,69.924,38.287,-166.605
2023-04-27 13:38:22.9970,101.744,68.044,154.151
2023-04-27 13:38:23.0970,-158.672,60.374,51.937
2023-04-27 13:38:23.1970,-126.06,37.628,22.717
2023-04-27 13:38:23.2960,-102.052,51.867,15.216
2023-04-27 13:38:23.3960,-118.45,68.268,34.774
2023-04-27 13:38:23.4960,-150.798,75.734,65.019
2023-04-27 13:38:23.5960,130.843,76.097,132.898
2023-04-27 13:38:23.6960,78.012,69.302,167.036
2023-04-27 13:38:23.7960,45.331,68.788,-174.004
2023-04-27 13:38:23.8960,53.872,80.058,173.425
2023-04-27 13:38:23.9970,-162.051,76.615,28.987
2023-04-27 13:38:24.0980,-140.927,56.074,11.041
2023-04-27 13:38:24.1970,-139.274,48.726,18.111
2023-04-27 13:38:24.2960,-158.583,61.974,38.605
2023-04-27 13:38:24.3970,-158.979,76.13,43.4
2023-04-27 13:38:24.4960,-158.152,72.817,46.492
2023-04-27 13:38:24.5960,-166.74,66.627,57.213
2023-04-27 13:38:24.6950,-162.802,61.087,54.194
2023-04-27 13:38:24.7950,-144.865,65.05,45.107
2023-04-27 13:38:24.8950,148.035,81.815,120.168
2023-04-27 13:38:24.9970,127.903,81.487,147.822
2023-04-27 13:38:25.0970,153.451,80.822,122.375
2023-04-27 13:38:25.1970,-143.35,78.659,57.758
2023-04-27 13:38:25.2960,-131.106,66.039,46.884
2023-04-27 13:38:25.3960,-139.771,68.826,63.702
2023-04-27 13:38:25.4960,142.54,70.016,152.561
2023-04-27 13:38:25.5950,141.724,70.974,149.428
2023-04-27 13:38:25.6950,159.128,77.898,125.072
2023-04-27 13:38:25.7950,-169.156,80.014,84.199
2023-04-27 13:38:25.8950,-127.503,77.532,35.737
2023-04-27 13:38:25.9950,-111.052,72.984,14.959
2023-04-27 13:38:26.0950,-89.91,79.206,-4.888
2023-04-27 13:38:26.1940,-92.572,76.924,-2.533
2023-04-27 13:38:26.2940,-96.733,87.41,3.862
2023-04-27 13:38:26.3940,70.606,77.275,-165.708
2023-04-27 13:38:26.4940,45.562,68.846,-148.445
2023-04-27 13:38:26.5940,49.259,76.158,-159.127
2023-04-27 13:38:26.6940,166.01,80.75,72.406
2023-04-27 13:38:26.7940,158.456,73.096,71.228
2023-04-27 13:38:26.8940,59.03,53.856,-168.466
2023-04-27 13:38:26.9940,55.594,-5.273,-158.254
2023-04-27 13:38:27.0930,55.256,-25.591,-147.037
2023-04-27 13:38:27.1930,56.997,-28.129,-149.145
2023-04-27 13:38:27.2930,50.454,-5.517,-169.032
2023-04-27 13:38:27.3930,59.005,41.835,154.756
2023-04-27 13:38:27.4930,126.72,66.329,93.065
2023-04-27 13:38:27.5930,162.475,55.116,68.39
2023-04-27 13:38:27.6930,146.678,61.304,81.945
2023-04-27 13:38:27.7920,83.34,75.912,151.736
2023-04-27 13:38:27.8930,3.726,50.473,-103.928
2023-04-27 13:38:27.9930,-2.746,27.001,-64.04
2023-04-27 13:38:28.0920,-3.017,20.183,-32.179
2023-04-27 13:38:28.1920,-1.029,21.253,-12.196
2023-04-27 13:38:28.2920,1.98,15.032,-6.332
2023-04-27 13:38:28.3920,5.92,12.804,-1.107
2023-04-27 13:38:28.4920,12.561,13.741,-8.919
2023-04-27 13:38:28.5910,12.73,12.607,-11.148
2023-04-27 13:38:28.6920,11.855,11.893,-7.33
2023-04-27 13:38:28.7910,11.667,12.69,-6.138
2023-04-27 13:38:28.8910,11.738,13.676,-5.811
2023-04-27 13:38:28.9910,12.216,14.06,-5.435
2023-04-27 13:38:29.0910,12.433,14.001,-5.34
2023-04-27 13:38:29.1910,12.677,13.228,-3.38
